{"cameraMode":{"drawMode":0,"name":"Shaded","section":"Shading Mode"},"sceneLighting":false,"audioPlay":false,"sceneViewState":{"showFog":true,"showMaterialUpdate":false,"showSkybox":false,"showFlares":true,"showImageEffects":true,"showParticleSystems":true},"in2DMode":false,"pivot":{"x":-0.0017898082733154297,"y":0.00012410059571266174,"z":-0.0005384385585784912},"rotation":{"x":-0.5462368726730347,"y":0.09700760990381241,"z":-0.0638783797621727,"w":-0.8295517563819885},"size":0.710963249206543,"orthographic":false}