{"cameraMode":{"drawMode":0,"name":"Shaded","section":"Shading Mode"},"sceneLighting":false,"audioPlay":false,"sceneViewState":{"showFog":true,"showMaterialUpdate":false,"showSkybox":false,"showFlares":true,"showImageEffects":true,"showParticleSystems":true},"in2DMode":false,"pivot":{"x":-0.0017898082733154297,"y":0.005000000353902578,"z":-0.0015363693237304688},"rotation":{"x":-0.5462368726730347,"y":0.09700760990381241,"z":-0.0638783797621727,"w":-0.8295517563819885},"size":0.7091139554977417,"orthographic":false}