{"cameraMode":{"drawMode":0,"name":"Shaded","section":"Shading Mode"},"sceneLighting":false,"audioPlay":false,"sceneViewState":{"showFog":true,"showMaterialUpdate":false,"showSkybox":false,"showFlares":true,"showImageEffects":true,"showParticleSystems":true},"in2DMode":false,"pivot":{"x":-0.0014457404613494874,"y":-1.4793943847735137e-11,"z":-0.0012409985065460206},"rotation":{"x":-0.6225060224533081,"y":-0.1267322301864624,"z":0.103070929646492,"w":-0.7653903365135193},"size":26.537918090820314,"orthographic":false}