{"cameraMode":{"drawMode":0,"name":"Shaded","section":"Shading Mode"},"sceneLighting":false,"audioPlay":false,"sceneViewState":{"showFog":true,"showMaterialUpdate":false,"showSkybox":false,"showFlares":true,"showImageEffects":true,"showParticleSystems":true},"in2DMode":false,"pivot":{"x":-0.11565780639648438,"y":-1.1835254554171115e-8,"z":-0.09928131103515625},"rotation":{"x":-0.3408146798610687,"y":-0.6034775376319885,"z":0.31787043809890749,"w":-0.6470214128494263},"size":151.2165069580078,"orthographic":false}