{"cameraMode":{"drawMode":0,"name":"Shaded","section":"Shading Mode"},"sceneLighting":false,"audioPlay":false,"sceneViewState":{"showFog":true,"showMaterialUpdate":false,"showSkybox":false,"showFlares":true,"showImageEffects":true,"showParticleSystems":true},"in2DMode":false,"pivot":{"x":-0.048617422580718997,"y":0.16599029302597047,"z":1.2833632230758668},"rotation":{"x":-0.3408146798610687,"y":-0.6034775376319885,"z":0.31787043809890749,"w":-0.6470214128494263},"size":3.8541696071624758,"orthographic":false}