{"cameraMode":{"drawMode":0,"name":"Shaded","section":"Shading Mode"},"sceneLighting":false,"audioPlay":false,"sceneViewState":{"showFog":true,"showMaterialUpdate":false,"showSkybox":true,"showFlares":true,"showImageEffects":true,"showParticleSystems":true},"in2DMode":false,"pivot":{"x":-0.014457225799560547,"y":-1.4794068192713894e-9,"z":-0.012410163879394532},"rotation":{"x":-0.5462368726730347,"y":0.09700760990381241,"z":-0.0638783797621727,"w":-0.8295517563819885},"size":0.3278971314430237,"orthographic":false}