{"cameraMode":{"drawMode":0,"name":"Shaded","section":"Shading Mode"},"sceneLighting":false,"audioPlay":false,"sceneViewState":{"showFog":true,"showMaterialUpdate":false,"showSkybox":false,"showFlares":true,"showImageEffects":true,"showParticleSystems":true},"in2DMode":false,"pivot":{"x":-0.34700000286102297,"y":0.0,"z":0.3140000104904175},"rotation":{"x":-0.5462368726730347,"y":0.09700760990381241,"z":-0.0638783797621727,"w":-0.8295517563819885},"size":0.6122474670410156,"orthographic":false}