{"cameraMode":{"drawMode":0,"name":"Shaded","section":"Shading Mode"},"sceneLighting":false,"audioPlay":false,"sceneViewState":{"showFog":true,"showMaterialUpdate":false,"showSkybox":false,"showFlares":true,"showImageEffects":true,"showParticleSystems":true},"in2DMode":false,"pivot":{"x":-0.028914451599121095,"y":-2.411368882349052e-10,"z":-0.024820327758789064},"rotation":{"x":-0.10544276237487793,"y":-0.8880130052566528,"z":0.36845946311950686,"w":-0.25410765409469607},"size":1.9277808666229249,"orthographic":false}